{
    "timings": {
        "build": {
            "mesa": [
                98.0,
                93.0,
                98.0,
                99.0,
                98.0,
                100.0,
                105.0,
                104.0,
                100.0,
                96.0,
                97.0,
                97.0,
                97.0,
                97.0,
                97.0,
                97.0,
                96.0,
                97.0,
                96.0,
                96.0,
                98.0,
                98.0,
                95.0,
                94.0,
                98.0,
                98.0,
                95.0,
                101.0,
                100.0,
                96.0,
                99.0,
                100.0,
                94.0,
                102.0,
                99.0,
                100.0,
                97.0,
                97.0,
                97.0,
                95.0,
                97.0,
                98.0,
                96.0,
                99.0,
                104.0,
                107.0,
                100.0,
                101.0,
                101.0,
                100.0,
                99.0,
                98.0,
                98.0,
                98.0,
                100.0,
                99.0,
                101.0,
                102.0
            ]
        },
        "deploy": {
            "mesa": [
                0.68829,
                0.351817,
                1.05423,
                0.355253,
                0.754675,
                0.917067,
                0.393801,
                0.389391,
                0.364313,
                0.333268,
                0.346494,
                0.328417,
                0.331401,
                0.352181,
                0.324643,
                0.345733,
                0.334275,
                0.347849,
                0.328315,
                0.34243,
                0.347996,
                0.348276,
                0.354197,
                0.330121,
                0.335152,
                0.355203,
                0.336411,
                0.394088,
                0.379995,
                0.328454,
                0.351475,
                0.337656,
                0.333778,
                0.343983,
                0.364796,
                0.359174,
                0.352076,
                0.362028,
                0.351618,
                0.353343,
                0.341554,
                0.355447,
                0.356988,
                0.369475,
                0.633148,
                0.362318,
                0.36121,
                0.342216,
                0.345865,
                0.341607,
                0.340466,
                0.348441,
                0.344308,
                0.359147,
                0.364257,
                0.362763,
                0.362002,
                0.346347
            ]
        },
        "test": {
            "unigine:heaven:1080p:fullscreen": [
                282.920372253,
                282.619580625,
                283.729885985,
                282.809337979,
                282.750420322,
                282.794317019,
                282.759562925,
                284.462858549,
                282.492279503,
                282.545830494,
                282.494945953,
                282.666252786,
                282.659358545,
                282.806132917,
                285.132677462,
                282.634350381,
                284.654904491,
                282.553640008
            ]
        }
    },
    "version": 1
}